,pro-0,pro-1,pro-2,pro-3,pro-4,pro-5,pro-6,pro-7,pro-8,pro-9,pro-10,pro-11,pro-12,pro-13,pro-14,pro-15,pro-16,pro-17,pro-18,pro-19,pro-20,pro-21,pro-22,pro-23,pro-24,pro-25,pro-26,pro-27,pro-28,pro-29,pro-30,pro-31,pri-0,pri-1,pri-2,pri-3,pri-4,pri-5,pri-6,pri-7,pri-8,pri-9,pri-10,pri-11,pri-12,pri-13,pri-14,pri-15,pri-16,pri-17,pri-18,pri-19,pri-20,pri-21,pri-22,pri-23,pri-24,pri-25,pri-26,pri-27,pri-28,pri-29,pri-30,pri-31,cat-0,cat-1,cat-2,cat-3,cat-4,cat-5,cat-6,cat-7,cat-8,cat-9,cat-10,cat-11,cat-12,cat-13,cat-14,cat-15,cat-16,cat-17,cat-18,cat-19,cat-20,cat-21,cat-22,cat-23,cat-24,cat-25,cat-26,cat-27,cat-28,cat-29,cat-30,cat-31
bruja_del_paramo,Camisa Bruja del Páramo en seda,Bolso Amazona 19 Bruja del Páramo en piel napa de ternera,Camiseta Bruja del Páramo en algodón,Jersey polo Bruja del Páramo en lana,,,,,,,,,,,,,,,,,,,,,,,,,,,,,1500.0,2950.0,420.0,950.0,,,,,,,,,,,,,,,,,,,,,,,,,,,,,Camisa,Bolso,Camiseta,Jersey,,,,,,,,,,,,,,,,,,,,,,,,,,,,
calcifer,Bolso Puzzle Calcifer pequeño en piel de ternera satinada,Bolso Puzzle Calcifer mini en piel de ternera satinada,Bolso Flamenco Clutch XL Calcifer en lana de oveja,Bolso Flamenco Clutch Calcifer en lana de oveja,Bolso Amazona 16 Calcifer en piel napa de ternera,Bolso LOEWE Luna Calcifer pequeño en piel de ternera satinada,Bolso capazo pequeño en hoja de palma y piel de ternera,Cartera tríptica Calcifer en piel de ternera,Cartera americana Calcifer en piel de ternera satinada con cremallera,Camiseta Calcifer en algodón con bolsillo,Vela mediana Calcifer,Camiseta Calcifer en algodón con bolsillo,Camisa Calcifer en seda,Sudadera Calcifer en algodón,Rebeca Calcifer en lana,Jersey Calcifer en lana,Chaqueta Calcifer en nailon,Camisa Calcifer en viscosa,Camisa Calcifer en viscosa,Chaqueta Calcifer en lana,Falda cruzada Calcifer en lana,Charm Calcifer en piel de ternera,Bufanda Calcifer en mezcla de mohair y lana,Jersey Calcifer en punto de intarsia,Bufanda Calcifer en mezcla de mohair y lana,Sudadera con capucha Calcifer en lana de oveja,Bandolera Calcifer en jacquard de anagrama y piel de ternera,Sudadera Calcifer en algodón con capucha y parche de piel,Funda Calcifer para Airpod Pro en piel de ternera,Bolso Puzzle Calcifer pequeño en piel de ternera satinada,Bolso Puzzle Calcifer mini en piel de ternera satinada,Bolso Hammock Compact Calcifer en piel de ternera satinada,2650.0,2050.0,3550.0,2850.0,2250.0,1850.0,395.0,550.0,550.0,390.0,210.0,390.0,1300.0,690.0,980.0,820.0,1980.0,1200.0,1200.0,2400.0,1100.0,420.0,590.0,980.0,590.0,7500.0,590.0,890.0,420.0,2650.0,2000.0,2350.0,Bolso,Bolso,Bolso,Bolso,Bolso,Bolso,Bolso,Cartera,Cartera,Camiseta,Vela,Camiseta,Camisa,Sudadera,Rebeca,Jersey,Chaqueta,Camisa,Camisa,Chaqueta,Falda,Charm,Bufanda,Jersey,Bufanda,Sudadera,Bandolera,Sudadera,Funda,Bolso,Bolso,Bolso
cow,Bolso Cow en lana de oveja,Charm Cow en fieltro,,,,,,,,,,,,,,,,,,,,,,,,,,,,,,,1800.0,320.0,,,,,,,,,,,,,,,,,,,,,,,,,,,,,,,Bolso,Charm,,,,,,,,,,,,,,,,,,,,,,,,,,,,,,
el_castillo,Bolso Puzzle Calcifer pequeño en piel de ternera satinada,Bolso Puzzle Calcifer mini en piel de ternera satinada,Bolso capazo en hoja de palma y piel de ternera,Bolso Flamenco Clutch XL Calcifer en lana de oveja,Bolso Dice Pocket Hin en piel de ternera,Bolso capazo en hoja de palma y piel de ternera,Pouch Cookie Hin en piel de ternera,Bolso LOEWE Luna Calcifer pequeño en piel de ternera satinada,Bolso Cow en lana de oveja,Bolso capazo pequeño en hoja de palma y piel de ternera,Bolso Amazona 16 Calcifer en piel napa de ternera,Heel Pouch Sophie pequeño en piel de ternera,Bolso capazo pequeño en hoja de palma y piel de ternera,Bolso Flamenco Clutch Calcifer en lana de oveja,Bolso Amazona 28 Howl en piel napa de ternera,Bolso Flamenco Clutch Howl mini en ante y rafia,Cartera tríptica Calcifer en piel de ternera,Cartera americana Calcifer en piel de ternera satinada con cremallera,Sudadera El Castillo Ambulante bordada en algodón con capucha,Camiseta Calcifer en algodón con bolsillo,Camiseta Calcifer en algodón con bolsillo,Tarjetero liso Navet en piel de ternera,Vela mediana Calcifer,Camiseta Hin Anagram en algodón,"Camiseta Hin, Marko and Navet en algodón",Camisa Bruja del Páramo en seda,Bufanda Hin en mezcla de mohair y lana,Tarjetero-monedero Navet en piel de ternera,Camiseta Hin LOEWE en algodón,Camiseta Hin Anagram en algodón,Rebeca Hin en lana,Camisa Calcifer en seda,2650.0,2050.0,450.0,3550.0,690.0,450.0,520.0,1850.0,1800.0,395.0,2250.0,520.0,395.0,2850.0,3450.0,2400.0,550.0,550.0,1800.0,390.0,390.0,290.0,210.0,350.0,420.0,1500.0,390.0,390.0,390.0,350.0,980.0,1300.0,Bolso,Bolso,Bolso,Bolso,Bolso,Bolso,Pouch,Bolso,Bolso,Bolso,Bolso,Heel,Bolso,Bolso,Bolso,Bolso,Cartera,Cartera,Sudadera,Camiseta,Camiseta,Tarjetero,Vela,Camiseta,Camiseta,Camisa,Bufanda,Tarjetero-monedero,Camiseta,Camiseta,Rebeca,Camisa
hin,Bolso Dice Pocket Hin en piel de ternera,Pouch Cookie Hin en piel de ternera,Camiseta Hin Anagram en algodón,Rebeca Hin en lana,Camiseta Hin LOEWE en algodón,Camiseta Hin Anagram en algodón,"Camiseta Hin, Marko and Navet en algodón",Bufanda Hin en mezcla de mohair y lana,Camiseta Hin LOEWE en algodón,Camiseta Hin de manga larga en algodón,Bolso Puzzle Hin mini en piel de ternera satinada,Bolso Puzzle Hin pequeño en piel de ternera satinada,Pouch en forma de pulsera Hin en napa plisada,Cartera tríptica Hin en piel de ternera,Cartera americana Hin en piel de ternera con cremallera,Tarjetero liso Hin en piel de ternera,Sudadera Hin en algodón,Charm Hin en piel de ternera,Jersey Hin bordado en lana,Charm Hin en plata de ley,,,,,,,,,,,,,690.0,520.0,350.0,980.0,390.0,350.0,420.0,390.0,390.0,450.0,2000.0,2650.0,1400.0,550.0,520.0,290.0,650.0,350.0,1800.0,450.0,,,,,,,,,,,,,Bolso,Pouch,Camiseta,Rebeca,Camiseta,Camiseta,Camiseta,Bufanda,Camiseta,Camiseta,Bolso,Bolso,Pouch,Cartera,Cartera,Tarjetero,Sudadera,Charm,Jersey,Charm,,,,,,,,,,,,
howl_y_sophie,Heel Pouch Sophie pequeño en piel de ternera,Bolso Flamenco Clutch Howl mini en ante y rafia,Bolso Amazona 28 Howl en piel napa de ternera,Bolso capazo pequeño en hoja de palma y piel de ternera,Bandolera Howl en jacquard de anagrama y piel de ternera,Camiseta Sophie en algodón,Abrigo Howl en napa,Gorro de pescador Howl en nailon,Charm Howl en plata de ley,Blusa tipo pijama en seda con plumas,Capa en mezcla de lana y mohair con plumas,Bolso Amazona 23 Howl y Sophie en piel napa de ternera,Riñonera Howl en nailon,Bolso Vertical Shopper Howl en nailon,Heel Pouch Howl pequeño en piel de ternera,Bolso T Tote Howl en jacquard de anagrama y piel de ternera,Bolso Pouch Calcifer en lona con cordón,Camiseta Howl en algodón adornada,Camiseta Howl en algodón,Charm Sophie en plata de ley,Chaqueta Howl en lana,Pendientes Howl largos en plata de ley,Rebeca Howl en lana con plumas,Pendientes Howl largos en plata de ley,Abrigo largo Howl en lana,Capa Magical Sky en mezcla de lana y alpaca,Pulsera Howl tipo cadena en plata de ley,Pantalón tipo pijama en seda con plumas,,,,,520.0,2400.0,3450.0,395.0,590.0,420.0,8500.0,450.0,450.0,1300.0,5900.0,2850.0,850.0,1150.0,520.0,2500.0,240.0,420.0,420.0,450.0,1900.0,590.0,8900.0,650.0,4500.0,8900.0,290.0,1400.0,,,,,Heel,Bolso,Bolso,Bolso,Bandolera,Camiseta,Abrigo,Gorro,Charm,Blusa,Capa,Bolso,Riñonera,Bolso,Heel,Bolso,Bolso,Camiseta,Camiseta,Charm,Chaqueta,Pendientes,Rebeca,Pendientes,Abrigo,Capa,Pulsera,Pantalón,,,,
marko,"Camiseta Hin, Marko and Navet en algodón",Charm con llavero Marko en piel de ternera,Bolso Hammock Nugget Marko en piel napa de ternera,Monedero tarjetero Marko en piel de ternera,,,,,,,,,,,,,,,,,,,,,,,,,,,,,420.0,440.0,2350.0,390.0,,,,,,,,,,,,,,,,,,,,,,,,,,,,,Camiseta,Charm,Bolso,Monedero,,,,,,,,,,,,,,,,,,,,,,,,,,,,
navet,"Camiseta Hin, Marko and Navet en algodón",Jersey Navet en lana,Tarjetero liso Navet en piel de ternera,Manta Navet en lana,Tarjetero-monedero Navet en piel de ternera,Rebeca Navet en lana,Sudadera Navet en algodón con capucha,Charm Navet en plata de ley,Charm Navet en fieltro y piel de ternera,,,,,,,,,,,,,,,,,,,,,,,,420.0,1200.0,290.0,2300.0,390.0,1980.0,980.0,450.0,390.0,,,,,,,,,,,,,,,,,,,,,,,,Camiseta,Jersey,Tarjetero,Manta,Tarjetero-monedero,Rebeca,Sudadera,Charm,Charm,,,,,,,,,,,,,,,,,,,,,,,
product_el_castillo,Bolso El Castillo Ambulante en piel de ternera,Sudadera El Castillo Ambulante bordada en algodón con capucha,Bolso Anagram Tote El Castillo Ambulante en lona y piel de ternera,Bufanda El Castillo Ambulante en mezcla de mohair y lana,Sobrecamisa vaquera El Castillo Ambulante,Bolso Pouch El Castillo Ambulante en piel de ternera,Bolso capazo en hoja de palma y piel de ternera,Bolso Pouch El Castillo Ambulante en lona con cordón,,,,,,,,,,,,,,,,,,,,,,,,,,,,,,,,,,,,,,,,,,,,,,,,,,,,,,,,,Bolso,Sudadera,Bolso,Bufanda,Sobrecamisa,Bolso,Bolso,Bolso,,,,,,,,,,,,,,,,,,,,,,,,
